loss,val_loss
18338.931640625,22363.603515625
18296.3203125,22321.541015625
18254.525390625,22279.646484375
